{
    "NUM_dSAMuons_DEN_genTracks": {
        "abseta_pt": {
            "abseta:[0.0,0.9]": {
                "pt:[10,30]": {
                    "AltSig": 6.170352562229198e-09,
                    "massBin": 6.19988002009686e-05,
                    "massRange": 5.416580435457785e-06,
                    "stat": 0.0001910738500025065,
                    "syst": 6.223496290708831e-05,
                    "value": 0.9993488722316795
                },
                "pt:[3,4]": {
                    "AltSig": 1.1172889999855329e-06,
                    "massBin": 0.0005100520297015576,
                    "massRange": 1.2856240155068033e-05,
                    "stat": 0.001954969723310234,
                    "syst": 0.0005102152528573728,
                    "value": 0.987249982852511
                },
                "pt:[4,5]": {
                    "AltSig": 1.0573009083802987e-06,
                    "massBin": 0.00022898023274137147,
                    "massRange": 3.8035913960565715e-05,
                    "stat": 0.0008003493049962603,
                    "syst": 0.00023212021803866863,
                    "value": 0.9863800479587864
                },
                "pt:[5,6]": {
                    "AltSig": 5.838897032539592e-08,
                    "massBin": 8.471618833211236e-05,
                    "massRange": 1.8197124488805727e-05,
                    "stat": 0.0005654313391284018,
                    "syst": 8.664855056176578e-05,
                    "value": 0.9931409129384833
                },
                "pt:[6,7]": {
                    "AltSig": 0.0007886092776450138,
                    "massBin": 1.618059760383206e-05,
                    "massRange": 3.068534482170149e-05,
                    "stat": 0.0004869955683014884,
                    "syst": 0.0007893718989889583,
                    "value": 0.9968264743801467
                },
                "pt:[7,8]": {
                    "AltSig": 0.00013510896659951754,
                    "massBin": 3.722128748129272e-05,
                    "massRange": 4.442791448955319e-06,
                    "stat": 0.0004547257627570873,
                    "syst": 0.0001402126795022957,
                    "value": 0.9983115049514351
                },
                "pt:[8,9]": {
                    "AltSig": 1.6639965483289387e-07,
                    "massBin": 7.326177620636809e-05,
                    "massRange": 1.03742426262321e-05,
                    "stat": 0.000444925098080567,
                    "syst": 7.399284054437308e-05,
                    "value": 0.9987860628297532
                },
                "pt:[9,10]": {
                    "AltSig": 1.4840701512142118e-07,
                    "massBin": 8.909865686523855e-05,
                    "massRange": 3.7193571298388406e-06,
                    "stat": 0.00044405944733681317,
                    "syst": 8.917637746225701e-05,
                    "value": 1.0001181558621564
                }
            },
            "abseta:[0.9,1.2]": {
                "pt:[10,30]": {
                    "AltSig": 0.0002940385030240078,
                    "massBin": 0.0004029739712120284,
                    "massRange": 7.97164989062571e-05,
                    "stat": 0.0005880651077521948,
                    "syst": 0.0005051746063816584,
                    "value": 0.9997826561577149
                },
                "pt:[3,4]": {
                    "AltSig": 3.6795585001137e-07,
                    "massBin": 0.0011914342071542294,
                    "massRange": 2.9733125221531598e-05,
                    "stat": 0.002887049861148988,
                    "syst": 0.0011918052123162468,
                    "value": 0.9963261301133158
                },
                "pt:[4,5]": {
                    "AltSig": 1.6172873685826872e-06,
                    "massBin": 0.00033182420859428907,
                    "massRange": 0.0011653501966221724,
                    "stat": 0.0010554512393186825,
                    "syst": 0.0012116728113624547,
                    "value": 0.9942779062835373
                },
                "pt:[5,6]": {
                    "AltSig": 6.722671590631002e-05,
                    "massBin": 0.0001480040943441785,
                    "massRange": 0.0007596971699165289,
                    "stat": 0.0008691412841122195,
                    "syst": 0.0007768940939750871,
                    "value": 0.9961783520940644
                },
                "pt:[6,7]": {
                    "AltSig": 4.5436478468552366e-08,
                    "massBin": 0.00021028729003880198,
                    "massRange": 0.00010970594457232474,
                    "stat": 0.0008366096300781018,
                    "syst": 0.00023718376987231395,
                    "value": 0.997346885407625
                },
                "pt:[7,8]": {
                    "AltSig": 0.0005195758394160865,
                    "massBin": 0.0005061831581795739,
                    "massRange": 0.000519915401699822,
                    "stat": 0.0008905594763918423,
                    "syst": 0.0008924642667660513,
                    "value": 0.9987070934681211
                },
                "pt:[8,9]": {
                    "AltSig": 0.00013300887040212928,
                    "massBin": 0.0011999678635599698,
                    "massRange": 6.416240201057022e-05,
                    "stat": 0.0008944193224572089,
                    "syst": 0.0012090206975126996,
                    "value": 0.997938078305539
                },
                "pt:[9,10]": {
                    "AltSig": 3.9561477697902525e-05,
                    "massBin": 0.0006049683964045593,
                    "massRange": 4.421264670917413e-05,
                    "stat": 0.00111206004003254,
                    "syst": 0.0006078705695252699,
                    "value": 0.9996572606657708
                }
            },
            "abseta:[1.2,2.1]": {
                "pt:[10,30]": {
                    "AltSig": 8.03181851027901e-08,
                    "massBin": 0.0010069927909438503,
                    "massRange": 0.0010430857780709957,
                    "stat": 0.0005981158563594129,
                    "syst": 0.0014498491052098732,
                    "value": 0.9977827507753992
                },
                "pt:[3,4]": {
                    "AltSig": 4.1969308780198666e-05,
                    "massBin": 0.003372621685772459,
                    "massRange": 0.0010370289363390572,
                    "stat": 0.0008178728409225977,
                    "syst": 0.0035287062038411,
                    "value": 0.9913163736097577
                },
                "pt:[4,5]": {
                    "AltSig": 1.3565860449427092e-06,
                    "massBin": 0.004622990761813495,
                    "massRange": 0.000943562306211565,
                    "stat": 0.0006048309830554397,
                    "syst": 0.0047183000381325795,
                    "value": 0.9922621808056415
                },
                "pt:[5,6]": {
                    "AltSig": 0.00221292678257734,
                    "massBin": 0.002030614145816234,
                    "massRange": 0.0007534139348146507,
                    "stat": 0.0006787732211960887,
                    "syst": 0.0030964610947677006,
                    "value": 0.9918100990040206
                },
                "pt:[6,7]": {
                    "AltSig": 0.004069011368725284,
                    "massBin": 0.007094542766198142,
                    "massRange": 0.0010195942937663016,
                    "stat": 0.0007786329866212882,
                    "syst": 0.008241902881259327,
                    "value": 0.9907037188051749
                },
                "pt:[7,8]": {
                    "AltSig": 3.37382888293547e-07,
                    "massBin": 0.0027671967087318783,
                    "massRange": 0.000760186850929323,