{
    "NUM_DisplacedID_DEN_dSAMuons": {
        "abseta_pt": {
            "abseta:[0.0,0.9]": {
                "pt:[10,30]": {
                    "AltSig": 5.264476077293523e-09,
                    "massBin": 0.002961158485605797,
                    "massRange": 1.9329410484381082e-05,
                    "stat": 0.0016076643202074588,
                    "syst": 0.002961221572765639,
                    "value": 0.9449601447734642
                },
                "pt:[3,4]": {
                    "AltSig": 0.0008765761371412051,
                    "massBin": 0.0009313125030940284,
                    "massRange": 0.00018000209465640626,
                    "stat": 0.006814471131981415,
                    "syst": 0.001291560860627696,
                    "value": 0.9844540171293416
                },
                "pt:[4,5]": {
                    "AltSig": 1.9129788785265944e-06,
                    "massBin": 0.006301032033430798,
                    "massRange": 0.00012190744663270747,
                    "stat": 0.0025539124900632545,
                    "syst": 0.006302211498462564,
                    "value": 0.9780344520436853
                },
                "pt:[5,6]": {
                    "AltSig": 7.258270240395603e-07,
                    "massBin": 0.00042511730486477495,
                    "massRange": 5.5440696180075744e-05,
                    "stat": 0.002068154501036108,
                    "syst": 0.0004287177632350802,
                    "value": 0.9622541411976292
                },
                "pt:[6,7]": {
                    "AltSig": 1.6625070691222987e-06,
                    "massBin": 0.0007836604615828469,
                    "massRange": 7.347083628805873e-05,
                    "stat": 0.0022277633256524,
                    "syst": 0.0007870987528657775,
                    "value": 0.9530049088720394
                },
                "pt:[7,8]": {
                    "AltSig": 2.0808886722623043e-06,
                    "massBin": 0.0006417320016117167,
                    "massRange": 5.436621339582892e-05,
                    "stat": 0.0025052293633679047,
                    "syst": 0.0006440341428443429,
                    "value": 0.950533148280481
                },
                "pt:[8,9]": {
                    "AltSig": 1.0566724761851276e-06,
                    "massBin": 0.0008964771361844592,
                    "massRange": 0.00011897173719460641,
                    "stat": 0.0028297556488783185,
                    "syst": 0.0009043376838931981,
                    "value": 0.9458610686391449
                },
                "pt:[9,10]": {
                    "AltSig": 9.814689023723844e-06,
                    "massBin": 0.003927830616139272,
                    "massRange": 0.00020882985769143936,
                    "stat": 0.003204524721785402,
                    "syst": 0.003933390342524509,
                    "value": 0.9381957588516749
                }
            },
            "abseta:[0.9,1.2]": {
                "pt:[10,30]": {
                    "AltSig": 3.4236099488715865e-07,
                    "massBin": 0.0014869541709903178,
                    "massRange": 0.00019794296788533394,
                    "stat": 0.00306734641189029,
                    "syst": 0.0015000714124240246,
                    "value": 0.9645350738254783
                },
                "pt:[3,4]": {
                    "AltSig": 5.669709647770915e-06,
                    "massBin": 0.0032170526939597766,
                    "massRange": 0.0009637175512098306,
                    "stat": 0.009140577626633919,
                    "syst": 0.0033583048848833275,
                    "value": 1.0138503697763879
                },
                "pt:[4,5]": {
                    "AltSig": 8.056492559971318e-05,
                    "massBin": 0.0016040376286085567,
                    "massRange": 0.00015278787781691783,
                    "stat": 0.003091384474228585,
                    "syst": 0.0016133107440406038,
                    "value": 0.9979875445410574
                },
                "pt:[5,6]": {
                    "AltSig": 0.000548051098197111,
                    "massBin": 0.0018672005984680107,
                    "massRange": 0.00018561396967542443,
                    "stat": 0.0032552865987039523,
                    "syst": 0.0019548019405794094,
                    "value": 0.9746178421576919
                },
                "pt:[6,7]": {
                    "AltSig": 0.004270102578790125,
                    "massBin": 0.0011851800935086532,
                    "massRange": 8.966948841448996e-05,
                    "stat": 0.0038940835324452376,
                    "syst": 0.004432433699965717,
                    "value": 0.9675512828342603
                },
                "pt:[7,8]": {
                    "AltSig": 0.00248024610901576,
                    "massBin": 0.0006626817450619549,
                    "massRange": 0.00016119197163244614,
                    "stat": 0.004379021700529003,
                    "syst": 0.002572304552000974,
                    "value": 0.9618590710367433
                },
                "pt:[8,9]": {
                    "AltSig": 1.975756105387916e-06,
                    "massBin": 0.00325584909123372,
                    "massRange": 0.00024976909488444443,
                    "stat": 0.004957895652089622,
                    "syst": 0.003265416023917783,
                    "value": 0.9664343741450464
                },
                "pt:[9,10]": {
                    "AltSig": 0.0006748063981870667,
                    "massBin": 0.000366364033440425,
                    "massRange": 0.00010900107268330128,
                    "stat": 0.005979662000869298,
                    "syst": 0.0007755433668590359,
                    "value": 0.9543385769928727
                }
            },
            "abseta:[1.2,2.1]": {
                "pt:[10,30]": {
                    "AltSig": 9.502714405873469e-05,
                    "massBin": 0.0008085253769198331,
                    "massRange": 1.1359637607455397e-05,
                    "stat": 0.0009116004274765843,
                    "syst": 0.0008141698131212495,
                    "value": 0.9854873111969812
                },
                "pt:[3,4]": {
                    "AltSig": 0.0007541874392841263,
                    "massBin": 0.00026877804849351206,
                    "massRange": 4.684843081925738e-05,
                    "stat": 0.001554020402268204,
                    "syst": 0.0008020193940274482,
                    "value": 0.98809951345814
                },
                "pt:[4,5]": {
                    "AltSig": 2.802987871142193e-06,
                    "massBin": 0.001842340200538417,
                    "massRange": 0.00012715507276289673,
                    "stat": 0.0016270240827093354,
                    "syst": 0.001846725124048048,
                    "value": 0.987366778528129
                },
                "pt:[5,6]": {
                    "AltSig": 1.6089147790721015e-06,
                    "massBin": 0.0003756326010246336,
                    "massRange": 2.8676038614283694e-05,
                    "stat": 0.0018282208022524292,
                    "syst": 0.0003767290203181934,
                    "value": 0.9811646698528723
                },
                "pt:[6,7]": {
                    "AltSig": 5.945661225792431e-05,
                    "massBin": 0.0009136216201529046,
                    "massRange": 0.00010173592997581027,
                    "stat": 0.0020399699481098896,
                    "syst": 0.0009211893144191645,
                    "value": 0.9812742839178704
                },
                "pt:[7,8]": {
                    "AltSig": 0.0013440630531518227,
                    "massBin": 0.0014328764509055625,
                    "massRange": 8.835188585915033e-05,