{
    "NUM_dSAMuons_DEN_genTracks": {
        "abseta_pt": {
            "abseta:[0.0,0.9]": {
                "pt:[10,30]": {
                    "AltSig": 0.00034705476485041853,
                    "massBin": 0.00014590989470464333,
                    "massRange": 1.2027799866087818e-05,
                    "stat": 0.0002165950570257418,
                    "syst": 0.00037667144190622957,
                    "value": 0.9989412966678273
                },
                "pt:[3,4]": {
                    "AltSig": 3.115657000285488e-05,
                    "massBin": 0.00041551527865418825,
                    "massRange": 0.00027568842603564736,
                    "stat": 0.003794753600430027,
                    "syst": 0.0004996276482536001,
                    "value": 0.9904538662508692
                },
                "pt:[4,5]": {
                    "AltSig": 7.320422881207378e-07,
                    "massBin": 5.8369042234829305e-05,
                    "massRange": 8.52547037430984e-05,
                    "stat": 0.001070151719427354,
                    "syst": 0.00010332398311934341,
                    "value": 0.9902256421424506
                },
                "pt:[5,6]": {
                    "AltSig": 3.2643937131204837e-07,
                    "massBin": 7.372691181861679e-05,
                    "massRange": 1.825476586725383e-05,
                    "stat": 0.0006068840525914882,
                    "syst": 7.595393713193211e-05,
                    "value": 0.992769544841855
                },
                "pt:[6,7]": {
                    "AltSig": 1.4401262629082368e-06,
                    "massBin": 0.00027062265691663034,
                    "massRange": 2.8492648586508906e-05,
                    "stat": 0.000536527926278508,
                    "syst": 0.0002721222655788086,
                    "value": 0.9945790115466232
                },
                "pt:[7,8]": {
                    "AltSig": 5.263215038242564e-07,
                    "massBin": 7.873590806950492e-05,
                    "massRange": 2.7378324262472553e-05,
                    "stat": 0.0005016021923146242,
                    "syst": 8.336181903771061e-05,
                    "value": 0.9974114517751527
                },
                "pt:[8,9]": {
                    "AltSig": 0.0007854094328546557,
                    "massBin": 0.00014430345950089407,
                    "massRange": 2.9190894205943785e-05,
                    "stat": 0.0004967088754905008,
                    "syst": 0.0007990892152604369,
                    "value": 0.9981791006419988
                },
                "pt:[9,10]": {
                    "AltSig": 5.75334092323132e-06,
                    "massBin": 2.84483663887114e-05,
                    "massRange": 3.598204754012846e-05,
                    "stat": 0.0004965401541243967,
                    "syst": 4.6228976055558024e-05,
                    "value": 0.9988586868545799
                }
            },
            "abseta:[0.9,1.2]": {
                "pt:[10,30]": {
                    "AltSig": 3.768888225952338e-07,
                    "massBin": 0.00019183753814561166,
                    "massRange": 8.86918459552799e-06,
                    "stat": 0.0006108901314861876,
                    "syst": 0.0001920428221057563,
                    "value": 0.9986525246913496
                },
                "pt:[3,4]": {
                    "AltSig": 0.0018380833839707345,
                    "massBin": 0.0013162483211945908,
                    "massRange": 0.00010270979129151092,
                    "stat": 0.003124250541554204,
                    "syst": 0.0022630973179923195,
                    "value": 0.9969430812124487
                },
                "pt:[4,5]": {
                    "AltSig": 0.0010007630184917238,
                    "massBin": 0.0009018669184034378,
                    "massRange": 6.20356392579402e-05,
                    "stat": 0.0010496057897665682,
                    "syst": 0.0013486063095764164,
                    "value": 0.9970653035881405
                },
                "pt:[5,6]": {
                    "AltSig": 1.2988657131285386e-05,
                    "massBin": 0.0008213517728817843,
                    "massRange": 4.094288677269908e-05,
                    "stat": 0.000888616526103662,
                    "syst": 0.0008224741698116763,
                    "value": 0.9957146234600147
                },
                "pt:[6,7]": {
                    "AltSig": 0.0006875811874282878,
                    "massBin": 0.0003793209655256202,
                    "massRange": 1.6119646474466176e-05,
                    "stat": 0.0008965628790512419,
                    "syst": 0.0007854375386974095,
                    "value": 0.9978727058764607
                },
                "pt:[7,8]": {
                    "AltSig": 1.0817072637614444e-07,
                    "massBin": 8.93908201232696e-06,
                    "massRange": 0.00010900861178592125,
                    "stat": 0.0009508786759378902,
                    "syst": 0.00010937456894371216,
                    "value": 0.9988091751237353
                },
                "pt:[8,9]": {
                    "AltSig": 0.00041606878809263836,
                    "massBin": 0.00018941198057981223,
                    "massRange": 2.9931547460948504e-05,
                    "stat": 0.000986300148525554,
                    "syst": 0.00045813320371421563,
                    "value": 0.9975956834715894
                },
                "pt:[9,10]": {
                    "AltSig": 0.0004545637540344094,
                    "massBin": 0.0001916021289303793,
                    "massRange": 4.685498674072974e-05,
                    "stat": 0.0011203198469612022,
                    "syst": 0.0004955148555542837,
                    "value": 0.9982630147222665
                }
            },
            "abseta:[1.2,2.1]": {
                "pt:[10,30]": {
                    "AltSig": 0.0003968931034062928,
                    "massBin": 0.0015449221099543275,
                    "massRange": 2.0176908793967385e-05,
                    "stat": 0.0006973952465409825,
                    "syst": 0.0015952164646234346,
                    "value": 0.9958348986277743
                },
                "pt:[3,4]": {
                    "AltSig": 0.0005673193143082012,
                    "massBin": 0.0017644360254880365,
                    "massRange": 9.853273390936224e-05,
                    "stat": 0.0011404402397251466,
                    "syst": 0.0018560157305580144,
                    "value": 0.9984121374502537
                },
                "pt:[4,5]": {
                    "AltSig": 0.0027966884053750585,
                    "massBin": 0.0031047141460298078,
                    "massRange": 5.0474970088365545e-05,
                    "stat": 0.0008806204533884483,
                    "syst": 0.004178906996802191,
                    "value": 0.9972903808557442
                },
                "pt:[5,6]": {
                    "AltSig": 0.0025869211776082812,
                    "massBin": 0.0030821123485867408,
                    "massRange": 1.2045615949363153e-05,
                    "stat": 0.0010153054741970705,
                    "syst": 0.0040238939853496,
                    "value": 0.9945374371972661
                },
                "pt:[6,7]": {
                    "AltSig": 1.5076825997661913e-06,
                    "massBin": 0.0034876561786245652,
                    "massRange": 9.119909118182612e-05,
                    "stat": 0.0011135527305405788,
                    "syst": 0.0034888486879825153,
                    "value": 0.9955562541961859
                },
                "pt:[7,8]": {
                    "AltSig": 6.549074933914767e-06,
                    "massBin": 0.004379284649434434,