{
    "NUM_DisplacedID_DEN_dSAMuons": {
        "abseta_pt": {
            "abseta:[0.0,0.9]": {
                "pt:[15,20]": {
                    "AltSig": 0.0005798986197109723,
                    "massBin": 0.00012063335157480592,
                    "massRange": 0.0007843442073826035,
                    "stat": 0.0013556644425749824,
                    "syst": 0.0010877084943698803,
                    "tagIso": 0.0004659175017263095,
                    "value": 0.9421331162290741
                },
                "pt:[20,25]": {
                    "AltSig": 0.0009477465429891252,
                    "massBin": 0.0008156208556298616,
                    "massRange": 0.0011671089664345158,
                    "stat": 0.0009243024537315483,
                    "syst": 0.002817178606478351,
                    "tagIso": 0.002238501970376894,
                    "value": 0.9393995910503627
                },
                "pt:[25,30]": {
                    "AltSig": 0.0004467578286648788,
                    "massBin": 0.0008706913125125504,
                    "massRange": 0.00017115577373738589,
                    "stat": 0.0006922478606409096,
                    "syst": 0.0014764790591602066,
                    "tagIso": 0.0010922454825252337,
                    "value": 0.9376390646020408
                },
                "pt:[30,40]": {
                    "AltSig": 0.00010782171784806671,
                    "massBin": 0.00030601503865251845,
                    "massRange": 0.0006383945843338457,
                    "stat": 0.0003379312555213835,
                    "syst": 0.0007805849535420112,
                    "tagIso": 0.000310635634897527,
                    "value": 0.9360402307755589
                },
                "pt:[40,50]": {
                    "AltSig": 4.420555956929917e-05,
                    "massBin": 0.00044913546141422955,
                    "massRange": 0.0005141718727151301,
                    "stat": 0.00032196278842133453,
                    "syst": 0.002003043070810028,
                    "tagIso": 0.0018825865277941611,
                    "value": 0.9339316419811785
                },
                "pt:[50,60]": {
                    "AltSig": 0.0012215538058555353,
                    "massBin": 0.00021326482904682198,
                    "massRange": 7.516216944153387e-05,
                    "stat": 0.0007133148431679256,
                    "syst": 0.0016510623716436271,
                    "tagIso": 0.0010875118461119437,
                    "value": 0.9323778385134689
                },
                "pt:[60,120]": {
                    "AltSig": 0.0021135296128605985,
                    "massBin": 0.00080016669975852,
                    "massRange": 0.000934349358891251,
                    "stat": 0.0009995410345776275,
                    "syst": 0.0030298543038799904,
                    "tagIso": 0.0017887800888981564,
                    "value": 0.9255640256065993
                }
            },
            "abseta:[0.9,1.2]": {
                "pt:[15,20]": {
                    "AltSig": 0.0006920260842533388,
                    "massBin": 0.00012926751028674577,
                    "massRange": 0.0010244573713866778,
                    "stat": 0.00236356524694005,
                    "syst": 0.0016917292361531755,
                    "tagIso": 0.0011475298306206083,
                    "value": 0.9577176602291801
                },
                "pt:[20,25]": {
                    "AltSig": 0.000737303340378026,
                    "massBin": 0.0008146089208791452,
                    "massRange": 0.004500151720410184,
                    "stat": 0.0016390900300562554,
                    "syst": 0.005269170789898904,
                    "tagIso": 0.002511093665458264,
                    "value": 0.9562421861659186
                },
                "pt:[25,30]": {
                    "AltSig": 0.00548297709921286,
                    "massBin": 0.005568677515045806,
                    "massRange": 0.0062005927391936555,
                    "stat": 0.0016349823318035246,
                    "syst": 0.01147445870082885,
                    "tagIso": 0.005669448387860709,
                    "value": 0.9586670143905155
                },
                "pt:[30,40]": {
                    "AltSig": 0.0008360957779356415,
                    "massBin": 0.0005769843618257942,
                    "massRange": 0.0010361036079638564,
                    "stat": 0.0005990151954793902,
                    "syst": 0.0016572689979460194,
                    "tagIso": 0.0008006639378940195,
                    "value": 0.951780018417564
                },
                "pt:[40,50]": {
                    "AltSig": 0.0010845891438708843,
                    "massBin": 0.004385801248502796,
                    "massRange": 0.0007515345057430012,
                    "stat": 0.0005662379666498792,
                    "syst": 0.004612173300015781,
                    "tagIso": 0.0005438310709078853,
                    "value": 0.9511920230404616
                },
                "pt:[50,60]": {
                    "AltSig": 2.370062223100433e-05,
                    "massBin": 0.002126718270293204,
                    "massRange": 0.00014967523868192334,
                    "stat": 0.0012094883603154648,
                    "syst": 0.0021525154238017977,
                    "tagIso": 0.00029568167331961437,
                    "value": 0.9509230179775958
                },
                "pt:[60,120]": {
                    "AltSig": 0.0001949273622655623,
                    "massBin": 0.006883031070932799,
                    "massRange": 0.0002523247056646083,
                    "stat": 0.0013988501077501993,
                    "syst": 0.006972516333928492,
                    "tagIso": 0.0010668659099553057,
                    "value": 0.9448983766260375
                }
            },
            "abseta:[1.2,2.1]": {
                "pt:[15,20]": {
                    "AltSig": 0.0010992489018085694,
                    "massBin": 0.0006849896549949164,
                    "massRange": 0.0004963389578626631,
                    "stat": 0.0010326972401701908,
                    "syst": 0.0026061618601267485,
                    "tagIso": 0.002206392599813034,
                    "value": 0.970870532742272
                },
                "pt:[20,25]": {
                    "AltSig": 0.00034852508941252136,
                    "massBin": 0.0009463813945267407,
                    "massRange": 0.0003904758994888735,
                    "stat": 0.0007260088567241583,
                    "syst": 0.0013058009496650228,
                    "tagIso": 0.0007318040791141067,
                    "value": 0.9725450858365513
                },
                "pt:[25,30]": {
                    "AltSig": 0.0003660672690960487,
                    "massBin": 0.001867104001182951,
                    "massRange": 0.0021178275634576305,
                    "stat": 0.0007445396643233479,
                    "syst": 0.003329374062823355,
                    "tagIso": 0.001726109922607244,
                    "value": 0.9733611522814325
                },
                "pt:[30,40]": {
                    "AltSig": 0.0001053661311445353,
                    "massBin": 0.00023607265097969066,
                    "massRange": 0.0021977656075709007,
                    "stat": 0.0002852577776997443,
                    "syst": 0.002235765921886279,
                    "tagIso": 0.0003188154223270345,
                    "value": 0.9714780799365358
                },
                "pt:[40,50]": {
                    "AltSig": 0.00020076064672036598,
                    "massBin": 0.002226586541183684,
                    "massRange": 0.001969559201395077,
                    "stat": 0.0003533676135077866,
                    "syst": 0.003832677717774402,