{
    "NUM_dSAMuons_DEN_genTracks": {
        "abseta_pt": {
            "abseta:[0.0,0.9]": {
                "pt:[15,20]": {
                    "AltSig": 4.5498308713920466e-06,
                    "massBin": 0.0002847251690070718,
                    "massRange": 0.0004793877060478291,
                    "stat": 0.0034374501997705923,
                    "syst": 0.0017092696392492308,
                    "tagIso": 0.0016157663829038937,
                    "value": 0.9848732334974837
                },
                "pt:[20,25]": {
                    "AltSig": 1.9945932608345096e-05,
                    "massBin": 0.0002478057150204771,
                    "massRange": 0.0003047041166537312,
                    "stat": 0.001529418960852549,
                    "syst": 0.0014279725405144442,
                    "tagIso": 0.0013727546995487283,
                    "value": 0.9864181995857234
                },
                "pt:[25,30]": {
                    "AltSig": 4.780423698269587e-05,
                    "massBin": 0.0005682213453006568,
                    "massRange": 8.044030385923051e-05,
                    "stat": 0.0013496289400649765,
                    "syst": 0.000621482900798437,
                    "tagIso": 0.00023368699401354887,
                    "value": 0.9916305262785139
                },
                "pt:[30,40]": {
                    "AltSig": 4.067369585003533e-05,
                    "massBin": 8.768575558454339e-05,
                    "massRange": 1.7947051285882587e-05,
                    "stat": 0.0004124790673357186,
                    "syst": 0.000457569170032881,
                    "tagIso": 0.00044688287889355083,
                    "value": 0.9876349947009198
                },
                "pt:[40,50]": {
                    "AltSig": 1.9313923325325888e-05,
                    "massBin": 0.00023059951284076785,
                    "massRange": 1.4953538271855749e-05,
                    "stat": 0.00032090445325907193,
                    "syst": 0.00048404677111595404,
                    "tagIso": 0.00042488646173338696,
                    "value": 0.9886344518764285
                },
                "pt:[50,60]": {
                    "AltSig": 5.473032398506383e-06,
                    "massBin": 3.1919447529393796e-05,
                    "massRange": 3.762436524756829e-05,
                    "stat": 0.0005779941660064037,
                    "syst": 0.0003513659575117271,
                    "tagIso": 0.0003478413978002526,
                    "value": 0.9883612645178883
                },
                "pt:[60,120]": {
                    "AltSig": 0.00016019932454691688,
                    "massBin": 6.87901901698651e-05,
                    "massRange": 4.3047924338346366e-05,
                    "stat": 0.0006628752554107731,
                    "syst": 0.0010230629188129798,
                    "tagIso": 0.0010071785830781943,
                    "value": 0.9876670503256857
                }
            },
            "abseta:[0.9,1.2]": {
                "pt:[15,20]": {
                    "AltSig": 2.8589779110799185e-07,
                    "massBin": 0.0005984542545789395,
                    "massRange": 0.0014185380260853253,
                    "stat": 0.003922142313200139,
                    "syst": 0.004657172098359352,
                    "tagIso": 0.004395321859173185,
                    "value": 0.9911176435971237
                },
                "pt:[20,25]": {
                    "AltSig": 0.00010366944407713685,
                    "massBin": 8.452668976699496e-05,
                    "massRange": 0.00039656726214370996,
                    "stat": 0.0033393476254794017,
                    "syst": 0.0006622331955374387,
                    "tagIso": 0.0005132203200861607,
                    "value": 0.9918416446421334
                },
                "pt:[25,30]": {
                    "AltSig": 5.460910414778475e-05,
                    "massBin": 0.00021292694448621363,
                    "massRange": 0.00018370815646828742,
                    "stat": 0.002192629690795329,
                    "syst": 0.0010271437483918928,
                    "tagIso": 0.000986385094759401,
                    "value": 0.9968380614579845
                },
                "pt:[30,40]": {
                    "AltSig": 4.228806408812513e-05,
                    "massBin": 0.0002776625596602189,
                    "massRange": 4.0137030979103816e-05,
                    "stat": 0.0006916350825776746,
                    "syst": 0.0004159766293921793,
                    "tagIso": 0.00030420518986906675,
                    "value": 0.9880694605104098
                },
                "pt:[40,50]": {
                    "AltSig": 7.82880611036596e-05,
                    "massBin": 2.350624466557205e-05,
                    "massRange": 2.7982125443859474e-05,
                    "stat": 0.0005184175581540643,
                    "syst": 0.0001600657654663043,
                    "tagIso": 0.00013474600506252488,
                    "value": 0.9887799180771127
                },
                "pt:[50,60]": {
                    "AltSig": 0.00010745346960672197,
                    "massBin": 0.001326837501707423,
                    "massRange": 0.00011927941835648825,
                    "stat": 0.0010217415376688613,
                    "syst": 0.001512532312495483,
                    "tagIso": 0.0007081542294103405,
                    "value": 0.9872690875835078
                },
                "pt:[60,120]": {
                    "AltSig": 5.898690973393794e-05,
                    "massBin": 0.0007076767685932905,
                    "massRange": 3.575453306653431e-05,
                    "stat": 0.0012316661145210445,
                    "syst": 0.0016272687266124816,
                    "tagIso": 0.00146370736749174,
                    "value": 0.9879725170268261
                }
            },
            "abseta:[1.2,2.1]": {
                "pt:[15,20]": {
                    "AltSig": 3.061297827455789e-07,
                    "massBin": 0.00018216880284677162,
                    "massRange": 0.0005954687650596147,
                    "stat": 0.004450828793330097,
                    "syst": 0.0011095484830663997,
                    "tagIso": 0.0009183295811783787,
                    "value": 0.9910100457679611
                },
                "pt:[20,25]": {
                    "AltSig": 0.0001239250623752408,
                    "massBin": 0.0005697006438133423,
                    "massRange": 0.00034212383769466337,
                    "stat": 0.0032280262098975314,
                    "syst": 0.0017160331634889017,
                    "tagIso": 0.0015772776715685666,
                    "value": 0.9964324766282839
                },
                "pt:[25,30]": {
                    "AltSig": 6.143675355452238e-06,
                    "massBin": 0.000798116935389559,
                    "massRange": 0.0003781887335393974,
                    "stat": 0.0017983679241728385,
                    "syst": 0.0010347074799842084,
                    "tagIso": 0.0005390403172830793,
                    "value": 0.9915951761975773
                },
                "pt:[30,40]": {
                    "AltSig": 5.036084731757651e-05,
                    "massBin": 4.86444534621433e-05,
                    "massRange": 0.00010799107432535315,
                    "stat": 0.0006571705690366722,
                    "syst": 0.00035612550753291104,
                    "tagIso": 0.00033205542788283804,
                    "value": 0.9888421081789455
                },
                "pt:[40,50]": {
                    "AltSig": 0.00011624660539999443,
                    "massBin": 2.659981316299742e-05,
                    "massRange": 7.488551932943732e-06,
                    "stat": 0.0005259817968798266,