{
    "NUM_DisplacedID_DEN_dSAMuons": {
        "abseta_pt": {
            "abseta:[0.0,0.9]": {
                "pt:[15,20]": {
                    "AltSig": 0.0008531808027290033,
                    "massBin": 0.0006994316739518669,
                    "massRange": 0.0004360215084531771,
                    "stat": 0.0016326394373302499,
                    "syst": 0.002349209016945402,
                    "tagIso": 0.0020276947750564878,
                    "value": 0.9436641351993644
                },
                "pt:[20,25]": {
                    "AltSig": 0.0013843065665963827,
                    "massBin": 0.00148404654958173,
                    "massRange": 0.0016348295926907896,
                    "stat": 0.0010849525370024966,
                    "syst": 0.0028487614060397483,
                    "tagIso": 0.0011506845439809843,
                    "value": 0.9344057450611005
                },
                "pt:[25,30]": {
                    "AltSig": 8.939057484258495e-05,
                    "massBin": 3.829101133462354e-05,
                    "massRange": 0.0008098984670368292,
                    "stat": 0.0007859699884249995,
                    "syst": 0.0018900988637648901,
                    "tagIso": 0.001705016513549651,
                    "value": 0.9278356779422696
                },
                "pt:[30,40]": {
                    "AltSig": 2.1092534984501476e-05,
                    "massBin": 0.0001331282691048874,
                    "massRange": 4.3025544248620484e-05,
                    "stat": 0.0004155068701633443,
                    "syst": 0.000706728294834782,
                    "tagIso": 0.0006924201428289423,
                    "value": 0.9247596416094553
                },
                "pt:[40,50]": {
                    "AltSig": 0.00014403217119096645,
                    "massBin": 0.0004895398791407435,
                    "massRange": 0.000190448081551442,
                    "stat": 0.0004273301258812572,
                    "syst": 0.0010450024452364555,
                    "tagIso": 0.0008918324277443768,
                    "value": 0.9213176822460054
                },
                "pt:[50,60]": {
                    "AltSig": 0.0030626690425541447,
                    "massBin": 0.0017240050162887766,
                    "massRange": 0.0016123812204619226,
                    "stat": 0.000924819629844143,
                    "syst": 0.0038677288824095013,
                    "tagIso": 8.613098930110308e-05,
                    "value": 0.9165902373159888
                },
                "pt:[60,120]": {
                    "AltSig": 0.003294799160724615,
                    "massBin": 0.0003760991880470965,
                    "massRange": 0.0016764940561569408,
                    "stat": 0.0012332570549324386,
                    "syst": 0.003865697418023182,
                    "tagIso": 0.0010657542393160968,
                    "value": 0.9065745765547321
                }
            },
            "abseta:[0.9,1.2]": {
                "pt:[15,20]": {
                    "AltSig": 0.00045821844106441745,
                    "massBin": 0.004774605607500981,
                    "massRange": 0.003225588257645795,
                    "stat": 0.0029515661976952383,
                    "syst": 0.009086973475472783,
                    "tagIso": 0.007011550790600618,
                    "value": 0.9638378367552028
                },
                "pt:[20,25]": {
                    "AltSig": 0.00034571384035742003,
                    "massBin": 0.0002655973467016737,
                    "massRange": 0.0006397000199008795,
                    "stat": 0.0020584475783950763,
                    "syst": 0.0010455472677014296,
                    "tagIso": 0.0007027751870599119,
                    "value": 0.962732271771698
                },
                "pt:[25,30]": {
                    "AltSig": 0.00020071212763461688,
                    "massBin": 0.0010406846681454973,
                    "massRange": 0.0009663853723553273,
                    "stat": 0.0014424365315825187,
                    "syst": 0.001842577266427207,
                    "tagIso": 0.0011566677821048255,
                    "value": 0.9587240684017425
                },
                "pt:[30,40]": {
                    "AltSig": 0.0004960643332441173,
                    "massBin": 0.0005677233777788837,
                    "massRange": 0.0004237587156359912,
                    "stat": 0.0007577053370550585,
                    "syst": 0.0009169750362647982,
                    "tagIso": 0.0003047656668028198,
                    "value": 0.960364058392733
                },
                "pt:[40,50]": {
                    "AltSig": 0.000924197118539194,
                    "massBin": 0.0002936248863418811,
                    "massRange": 0.00022184351451653983,
                    "stat": 0.0007274825135917346,
                    "syst": 0.0010843915299793864,
                    "tagIso": 0.0004316648671858214,
                    "value": 0.9565782662970976
                },
                "pt:[50,60]": {
                    "AltSig": 0.0007023933881223909,
                    "massBin": 0.0003304614547020579,
                    "massRange": 0.0006732876119099895,
                    "stat": 0.001592372348861176,
                    "syst": 0.0012256607120829284,
                    "tagIso": 0.0006681068238465482,
                    "value": 0.9591631969027972
                },
                "pt:[60,120]": {
                    "AltSig": 0.0016832492988778647,
                    "massBin": 0.0008784583419099157,
                    "massRange": 0.0011124501106033469,
                    "stat": 0.0021052246294024214,
                    "syst": 0.003065500101259343,
                    "tagIso": 0.0021341809580248117,
                    "value": 0.9594035401791774
                }
            },
            "abseta:[1.2,2.1]": {
                "pt:[15,20]": {
                    "AltSig": 0.00020660489302370966,
                    "massBin": 0.00023605169569484996,
                    "massRange": 0.000171166944345158,
                    "stat": 0.0012437412689282137,
                    "syst": 0.0014895722502913929,
                    "tagIso": 0.0014460710152478518,
                    "value": 0.9739209581305356
                },
                "pt:[20,25]": {
                    "AltSig": 0.0002890117568227213,
                    "massBin": 0.0003753763584548597,
                    "massRange": 0.00016893033305176441,
                    "stat": 0.0008744257595695843,
                    "syst": 0.0010443659716047272,
                    "tagIso": 0.0009152746140652646,
                    "value": 0.9767946821367381
                },
                "pt:[25,30]": {
                    "AltSig": 0.00021797473225615427,
                    "massBin": 0.0002815090208250215,
                    "massRange": 5.530145674692566e-05,
                    "stat": 0.0006994856553879092,
                    "syst": 0.0005432613625988333,
                    "tagIso": 0.0004065886671642538,
                    "value": 0.9755282192603044
                },
                "pt:[30,40]": {
                    "AltSig": 0.00013803960092095835,
                    "massBin": 4.3726164843826965e-05,
                    "massRange": 0.00017704812803137626,
                    "stat": 0.0003655869368686714,
                    "syst": 0.0006169697297028519,
                    "tagIso": 0.0005730084631275778,
                    "value": 0.9750417199943888
                },
                "pt:[40,50]": {
                    "AltSig": 0.0002458964101401673,
                    "massBin": 0.00025753124093769175,
                    "massRange": 0.00022786323394996533,
                    "stat": 0.00034175865825867576,
                    "syst": 0.0005745366212015716,