{
    "NUM_dSAMuons_DEN_genTracks": {
        "abseta_pt": {
            "abseta:[0.0,0.9]": {
                "pt:[15,20]": {
                    "AltSig": 0.00043100604863832714,
                    "massBin": 0.0027834005723914035,
                    "massRange": 8.665446452504888e-05,
                    "stat": 0.002898540776950094,
                    "syst": 0.0028592177169770804,
                    "tagIso": 0.0004842850364216167,
                    "value": 0.9872819204810874
                },
                "pt:[20,25]": {
                    "AltSig": 1.249964018845695e-06,
                    "massBin": 0.0017393747312562935,
                    "massRange": 0.0003751919380794444,
                    "stat": 0.0013567372600512984,
                    "syst": 0.0018396510219316974,
                    "tagIso": 0.0004670341250396781,
                    "value": 0.9874213168360351
                },
                "pt:[25,30]": {
                    "AltSig": 8.949851581396828e-06,
                    "massBin": 0.00046735418382887195,
                    "massRange": 0.00014308993037659423,
                    "stat": 0.0009115582754615668,
                    "syst": 0.0009032652394648109,
                    "tagIso": 0.0007595481101711488,
                    "value": 0.9841809364945112
                },
                "pt:[30,40]": {
                    "AltSig": 0.0002948973045440173,
                    "massBin": 0.000326220404130384,
                    "massRange": 2.8165114337008745e-05,
                    "stat": 0.00038215529987049564,
                    "syst": 0.0004505423636592987,
                    "tagIso": 9.386679651385288e-05,
                    "value": 0.9845825966882578
                },
                "pt:[40,50]": {
                    "AltSig": 0.00015283227957108014,
                    "massBin": 0.0003813096436022789,
                    "massRange": 1.695346306390677e-05,
                    "stat": 0.0003292429014351948,
                    "syst": 0.0004321733204452669,
                    "tagIso": 0.00013316008790864586,
                    "value": 0.9841141169999397
                },
                "pt:[50,60]": {
                    "AltSig": 0.0009102981074844418,
                    "massBin": 0.0008377204184386589,
                    "massRange": 1.3522489472284072e-05,
                    "stat": 0.0006290368754128403,
                    "syst": 0.001401544348086321,
                    "tagIso": 0.0006585784372209469,
                    "value": 0.9844544155959666
                },
                "pt:[60,120]": {
                    "AltSig": 2.106748602681563e-06,
                    "massBin": 1.3927009173408944e-05,
                    "massRange": 3.682535244176055e-05,
                    "stat": 0.0007410807734170167,
                    "syst": 0.0008536547699389406,
                    "tagIso": 0.0008527437831393758,
                    "value": 0.9835857989283407
                }
            },
            "abseta:[0.9,1.2]": {
                "pt:[15,20]": {
                    "AltSig": 5.898849717578258e-07,
                    "massBin": 0.0018898164952753649,
                    "massRange": 0.0008254859120954694,
                    "stat": 0.004631909279953631,
                    "syst": 0.003013712813605895,
                    "tagIso": 0.0021976421906318433,
                    "value": 1.0004488551515425
                },
                "pt:[20,25]": {
                    "AltSig": 9.804666594170897e-07,
                    "massBin": 0.0002629032858099678,
                    "massRange": 0.0007080192913603844,
                    "stat": 0.002354888137069417,
                    "syst": 0.0014650254254396581,
                    "tagIso": 0.0012553442082718358,
                    "value": 0.9942362208165744
                },
                "pt:[25,30]": {
                    "AltSig": 9.247653818711399e-05,
                    "massBin": 0.00178358571090248,
                    "massRange": 0.00011046088895549921,
                    "stat": 0.0017130743479594208,
                    "syst": 0.0018355539364349012,
                    "tagIso": 0.00040905592199874663,
                    "value": 0.9890893500584708
                },
                "pt:[30,40]": {
                    "AltSig": 5.2066266156503005e-05,
                    "massBin": 1.9767884737009744e-05,
                    "massRange": 9.442685284299923e-05,
                    "stat": 0.0006683403024243899,
                    "syst": 0.00035236292607889196,
                    "tagIso": 0.0003348754033944412,
                    "value": 0.9887734320657321
                },
                "pt:[40,50]": {
                    "AltSig": 0.00020048138997419418,
                    "massBin": 5.37862405940448e-05,
                    "massRange": 2.332004823496492e-05,
                    "stat": 0.0005559676652295019,
                    "syst": 0.0002815329407332012,
                    "tagIso": 0.00018876234970188754,
                    "value": 0.9880223679237271
                },
                "pt:[50,60]": {
                    "AltSig": 0.0008826032308116849,
                    "massBin": 0.0011534680363768368,
                    "massRange": 0.00013124934267716437,
                    "stat": 0.0010680254121941853,
                    "syst": 0.0016516533816497395,
                    "tagIso": 0.000775406686313429,
                    "value": 0.9848951727229166
                },
                "pt:[60,120]": {
                    "AltSig": 0.0003103406655023955,
                    "massBin": 7.888525545229896e-05,
                    "massRange": 0.00019191313564465018,
                    "stat": 0.0013548456932642367,
                    "syst": 0.0004870912781582812,
                    "tagIso": 0.0003128786496913172,
                    "value": 0.9840511211193129
                }
            },
            "abseta:[1.2,2.1]": {
                "pt:[15,20]": {
                    "AltSig": 5.331453979784406e-05,
                    "massBin": 3.248898829333324e-05,
                    "massRange": 0.0005043665891302229,
                    "stat": 0.0029495345123793752,
                    "syst": 0.0012873027679602617,
                    "tagIso": 0.0011827361437163897,
                    "value": 0.9887112382120906
                },
                "pt:[20,25]": {
                    "AltSig": 0.00013031261605511713,
                    "massBin": 0.0017910257351362313,
                    "massRange": 0.0002704052230619314,
                    "stat": 0.0018324771981738266,
                    "syst": 0.0018466422612531572,
                    "tagIso": 0.00033498372283380373,
                    "value": 0.9906221732764767
                },
                "pt:[25,30]": {
                    "AltSig": 0.00017793477354621778,
                    "massBin": 0.0001440534526933046,
                    "massRange": 7.551655710330563e-05,
                    "stat": 0.001207293180556479,
                    "syst": 0.0010234223991932455,
                    "tagIso": 0.00099462479151885,
                    "value": 0.9919774640746749
                },
                "pt:[30,40]": {
                    "AltSig": 7.181922792864892e-05,
                    "massBin": 3.783705465570941e-05,
                    "massRange": 7.497843733728082e-05,
                    "stat": 0.0005418614167820846,
                    "syst": 0.0004056910368431437,
                    "tagIso": 0.00039035087690952874,
                    "value": 0.9921346886663821
                },
                "pt:[40,50]": {
                    "AltSig": 0.0002354124164752891,
                    "massBin": 8.311970056551488e-05,
                    "massRange": 2.1349644761803344e-05,
                    "stat": 0.0004304852318020122,