{
    "NUM_DisplacedID_DEN_dSAMuons": {
        "abseta_pt": {
            "abseta:[0.0,0.9]": {
                "pt:[15,20]": {
                    "AltSig": 0.0008046530037240096,
                    "massBin": 0.0017768835740072375,
                    "massRange": 0.002002103674556943,
                    "stat": 0.0025665897713478742,
                    "syst": 0.0028368048737580625,
                    "tagIso": 0.0004840052439016307,
                    "value": 0.9422704859659239
                },
                "pt:[20,25]": {
                    "AltSig": 0.0003489561702337829,
                    "massBin": 0.001279670374900732,
                    "massRange": 0.0010862171932413123,
                    "stat": 0.001695369529894106,
                    "syst": 0.01061919620810264,
                    "tagIso": 0.01047989187149112,
                    "value": 0.9343480739793643
                },
                "pt:[25,30]": {
                    "AltSig": 0.0004199638432866859,
                    "massBin": 0.001302138959820509,
                    "massRange": 0.0014891950261651798,
                    "stat": 0.001324960728446033,
                    "syst": 0.002583157348568968,
                    "tagIso": 0.0016071915135291714,
                    "value": 0.9363906341016158
                },
                "pt:[30,40]": {
                    "AltSig": 0.00030094975240790856,
                    "massBin": 0.0005966796844337208,
                    "massRange": 0.001505493327886187,
                    "stat": 0.0006038942967760356,
                    "syst": 0.0020945152563896655,
                    "tagIso": 0.0012937876949673521,
                    "value": 0.9335339160200792
                },
                "pt:[40,50]": {
                    "AltSig": 0.00017923020854682115,
                    "massBin": 0.000944727766598874,
                    "massRange": 0.0018130111367575252,
                    "stat": 0.0006035022638881267,
                    "syst": 0.002366478883490166,
                    "tagIso": 0.0011783797789165495,
                    "value": 0.9325862252870027
                },
                "pt:[50,60]": {
                    "AltSig": 2.9977283002025068e-05,
                    "massBin": 4.9360736355308354e-05,
                    "massRange": 0.0008781658175336382,
                    "stat": 0.0011803914414427186,
                    "syst": 0.0011090722124505077,
                    "tagIso": 0.0006749302553268888,
                    "value": 0.927743051655411
                },
                "pt:[60,120]": {
                    "AltSig": 0.0007924449544830514,
                    "massBin": 8.480815864858604e-05,
                    "massRange": 0.0026225847823611592,
                    "stat": 0.0018308567265487776,
                    "syst": 0.0030801951353199727,
                    "tagIso": 0.0014051653644028828,
                    "value": 0.9272416965070115
                }
            },
            "abseta:[0.9,1.2]": {
                "pt:[15,20]": {
                    "AltSig": 0.0003249492674536336,
                    "massBin": 0.003577367008226695,
                    "massRange": 0.002093400090310338,
                    "stat": 0.00479241244807635,
                    "syst": 0.004806368129667649,
                    "tagIso": 0.002411577061137815,
                    "value": 0.9632520621016413
                },
                "pt:[20,25]": {
                    "AltSig": 0.00014410225256267228,
                    "massBin": 0.001747283831068036,
                    "massRange": 0.0027053560439339597,
                    "stat": 0.0034350957290876657,
                    "syst": 0.003240468648533322,
                    "tagIso": 0.0003285110229078181,
                    "value": 0.9658707218056984
                },
                "pt:[25,30]": {
                    "AltSig": 0.001481949774757907,
                    "massBin": 0.0004934238133657565,
                    "massRange": 0.002156809995694453,
                    "stat": 0.002515502712935879,
                    "syst": 0.003808336132089352,
                    "tagIso": 0.002722490136428113,
                    "value": 0.9638688327651429
                },
                "pt:[30,40]": {
                    "AltSig": 0.0014766681703197726,
                    "massBin": 0.0003352225065469949,
                    "massRange": 0.0013566663198615325,
                    "stat": 0.0011222820332193707,
                    "syst": 0.002033128366348459,
                    "tagIso": 1.2018172611705236e-05,
                    "value": 0.9585460631587664
                },
                "pt:[40,50]": {
                    "AltSig": 0.0022788365155766988,
                    "massBin": 0.0005725886413263104,
                    "massRange": 0.0010624630461613105,
                    "stat": 0.001071450977584087,
                    "syst": 0.002605964738764405,
                    "tagIso": 0.0003758601845412768,
                    "value": 0.9589197886792085
                },
                "pt:[50,60]": {
                    "AltSig": 5.663620141316272e-06,
                    "massBin": 0.0013382103882079721,
                    "massRange": 0.002009274325230792,
                    "stat": 0.0022468974828514575,
                    "syst": 0.0025107186830142596,
                    "tagIso": 0.0006896998416009437,
                    "value": 0.9547129859314801
                },
                "pt:[60,120]": {
                    "AltSig": 0.000751172867308747,
                    "massBin": 0.001014765085928404,
                    "massRange": 0.0023399497540760317,
                    "stat": 0.003435503556191277,
                    "syst": 0.003815151789318374,
                    "tagIso": 0.002736057285171234,
                    "value": 0.9550231390003369
                }
            },
            "abseta:[1.2,2.1]": {
                "pt:[15,20]": {
                    "AltSig": 0.00012464956120195048,
                    "massBin": 0.0012402034836176412,
                    "massRange": 0.0002590284251570707,
                    "stat": 0.001955243066224088,
                    "syst": 0.002171884376334851,
                    "tagIso": 0.0017596430959836429,
                    "value": 0.9788983422787049
                },
                "pt:[20,25]": {
                    "AltSig": 0.000187476265569142,
                    "massBin": 0.0015444710202502931,
                    "massRange": 0.0008084400378378653,
                    "stat": 0.001455066493850624,
                    "syst": 0.004204698789506629,
                    "tagIso": 0.0038216983833309626,
                    "value": 0.9780841954698569
                },
                "pt:[25,30]": {
                    "AltSig": 5.9829694040280934e-05,
                    "massBin": 0.00034128082313300556,
                    "massRange": 0.00048030216310124274,
                    "stat": 0.001148504515407941,
                    "syst": 0.0013038876045272198,
                    "tagIso": 0.0011616283936064509,
                    "value": 0.9751950484965515
                },
                "pt:[30,40]": {
                    "AltSig": 0.00019119516892496247,
                    "massBin": 9.555148435647087e-06,
                    "massRange": 4.42626536449886e-05,
                    "stat": 0.0005483672649772219,
                    "syst": 0.0017750871149587086,
                    "tagIso": 0.0017641791829921538,
                    "value": 0.9752757664296277
                },
                "pt:[40,50]": {
                    "AltSig": 7.066276042444475e-05,
                    "massBin": 0.00017117042394315662,
                    "massRange": 5.700689645510293e-05,
                    "stat": 0.00048619659946855665,
                    "syst": 0.0003097929256602865,