{
    "NUM_dSAMuons_DEN_genTracks": {
        "abseta_pt": {
            "abseta:[0.0,0.9]": {
                "pt:[15,20]": {
                    "AltSig": 1.5460814539736134e-07,
                    "massBin": 0.00015313958492546575,
                    "massRange": 0.00026484366795520575,
                    "stat": 0.0035466375559937416,
                    "syst": 0.003054081372789149,
                    "tagIso": 0.0030387199783439844,
                    "value": 0.9888779695024758
                },
                "pt:[20,25]": {
                    "AltSig": 5.3917331777175725e-05,
                    "massBin": 0.00013523797850517605,
                    "massRange": 0.00023499773813273617,
                    "stat": 0.0021579536271422576,
                    "syst": 0.0008168920178950641,
                    "tagIso": 0.0007686951557522859,
                    "value": 0.9901643307142683
                },
                "pt:[25,30]": {
                    "AltSig": 2.1753767702414883e-05,
                    "massBin": 5.6637018279181994e-05,
                    "massRange": 0.00015920360143201195,
                    "stat": 0.0012139439717974683,
                    "syst": 0.0004852706621668278,
                    "tagIso": 0.00045437963268846193,
                    "value": 0.9870272225842882
                },
                "pt:[30,40]": {
                    "AltSig": 0.00038272510693482253,
                    "massBin": 0.0002757968191360871,
                    "massRange": 2.694321196938798e-05,
                    "stat": 0.0004761012547837792,
                    "syst": 0.0004993256006535159,
                    "tagIso": 0.00016142405605396037,
                    "value": 0.9833000875710823
                },
                "pt:[40,50]": {
                    "AltSig": 4.36582628848825e-06,
                    "massBin": 3.547696785904941e-05,
                    "massRange": 1.024590424830718e-05,
                    "stat": 0.0003760764204404631,
                    "syst": 0.0004537317836776535,
                    "tagIso": 0.00045220556971115045,
                    "value": 0.9826352664127967
                },
                "pt:[50,60]": {
                    "AltSig": 0.0005178031057628818,
                    "massBin": 0.0006138287564685929,
                    "massRange": 2.5574854700616267e-05,
                    "stat": 0.0007493230722421538,
                    "syst": 0.0010415084324441552,
                    "tagIso": 0.0006627065286036182,
                    "value": 0.9834042983370702
                },
                "pt:[60,120]": {
                    "AltSig": 0.00022270577941319036,
                    "massBin": 5.290496265752953e-05,
                    "massRange": 0.00010998892718561137,
                    "stat": 0.0008663426842802961,
                    "syst": 0.0006811760938851214,
                    "tagIso": 0.0006320652715656183,
                    "value": 0.9816259567285371
                }
            },
            "abseta:[0.9,1.2]": {
                "pt:[15,20]": {
                    "AltSig": 2.7020784328923853e-06,
                    "massBin": 7.6904299344982e-05,
                    "massRange": 0.0012010201162200307,
                    "stat": 0.005780446012806624,
                    "syst": 0.00161176643622031,
                    "tagIso": 0.0010721101402726974,
                    "value": 0.9879394860400755
                },
                "pt:[20,25]": {
                    "AltSig": 2.9027190102559608e-05,
                    "massBin": 0.00041720251813243125,
                    "massRange": 0.0011649139232496886,
                    "stat": 0.002869117340497056,
                    "syst": 0.0017636695833219058,
                    "tagIso": 0.0012564256570337107,
                    "value": 0.991474899935313
                },
                "pt:[25,30]": {
                    "AltSig": 4.781412162646603e-05,
                    "massBin": 0.00044567278824098056,
                    "massRange": 0.00039652071142581846,
                    "stat": 0.0017853418921544878,
                    "syst": 0.0018082542386779802,
                    "tagIso": 0.0017063540935872146,
                    "value": 0.9841843123861772
                },
                "pt:[30,40]": {
                    "AltSig": 4.673814690048239e-06,
                    "massBin": 5.447541446773618e-05,
                    "massRange": 9.360997813068206e-05,
                    "stat": 0.000769339721778838,
                    "syst": 0.000492237461966794,
                    "tagIso": 0.0004801515132046297,
                    "value": 0.9881949915839945
                },
                "pt:[40,50]": {
                    "AltSig": 2.654377079125414e-05,
                    "massBin": 1.7849949227155548e-05,
                    "massRange": 1.4084107113065958e-05,
                    "stat": 0.0006058310114713634,
                    "syst": 0.000384484071724603,
                    "tagIso": 0.00038289221313775323,
                    "value": 0.9876329157224153
                },
                "pt:[50,60]": {
                    "AltSig": 7.386871911152504e-05,
                    "massBin": 1.7027333724051186e-05,
                    "massRange": 4.470932354910806e-05,
                    "stat": 0.0012907737820587067,
                    "syst": 0.0008017458005803011,
                    "tagIso": 0.0007969008014671597,
                    "value": 0.990211886960615
                },
                "pt:[60,120]": {
                    "AltSig": 8.32034018252159e-05,
                    "massBin": 2.716415856535148e-05,
                    "massRange": 9.621799233860973e-05,
                    "stat": 0.0015440801639181234,
                    "syst": 0.00047863406525911503,
                    "tagIso": 0.0004606212856468339,
                    "value": 0.9872037819557669
                }
            },
            "abseta:[1.2,2.1]": {
                "pt:[15,20]": {
                    "AltSig": 4.33856061348159e-05,
                    "massBin": 0.0003414258568500972,
                    "massRange": 0.00030999023611855137,
                    "stat": 0.0037781304374653883,
                    "syst": 0.0020590585068073937,
                    "tagIso": 0.002006283644308937,
                    "value": 0.9973638095192816
                },
                "pt:[20,25]": {
                    "AltSig": 2.6513935038607883e-06,
                    "massBin": 0.0018295897945355688,
                    "massRange": 0.00012445618364909095,
                    "stat": 0.0026395763833540497,
                    "syst": 0.0019700559373464826,
                    "tagIso": 0.0007198786067590945,
                    "value": 0.9911514752823164
                },
                "pt:[25,30]": {
                    "AltSig": 6.14159340748266e-05,
                    "massBin": 6.709352781497646e-05,
                    "massRange": 0.00020974985279437197,
                    "stat": 0.0017355824658048117,
                    "syst": 0.0009268395634517106,
                    "tagIso": 0.0008981999316405864,
                    "value": 0.9908048195479443
                },
                "pt:[30,40]": {
                    "AltSig": 5.1133760674781925e-05,
                    "massBin": 1.1863937022293936e-05,
                    "massRange": 0.0001025795634126414,
                    "stat": 0.0007520339628502484,
                    "syst": 0.00028855990821765486,
                    "tagIso": 0.0002645540385596834,
                    "value": 0.9885541799537
                },
                "pt:[40,50]": {
                    "AltSig": 4.36017032375835e-05,
                    "massBin": 8.3579295743208e-06,
                    "massRange": 2.6862604692701186e-05,
                    "stat": 0.0005326099359346075,