{
    "NUM_DisplacedID_DEN_dSAMuons": {
        "abseta_pt": {
            "abseta:[0.0,0.9]": {
                "pt:[10,30]": {
                    "AltSig": 1.2500099499934691e-06,
                    "massBin": 3.1543096207231613e-05,
                    "massRange": 1.95358327094719e-05,
                    "stat": 0.0012297291485162405,
                    "syst": 3.7123822578853926e-05,
                    "value": 0.9465076698427651
                },
                "pt:[3,4]": {
                    "AltSig": 3.549867737984158e-06,
                    "massBin": 0.0011528409430471287,
                    "massRange": 0.0002297622169319391,
                    "stat": 0.005526256746059423,
                    "syst": 0.0011755192545663512,
                    "value": 1.0082093291341117
                },
                "pt:[4,5]": {
                    "AltSig": 5.119741351533591e-06,
                    "massBin": 0.0042416330479167486,
                    "massRange": 3.353977768416616e-05,
                    "stat": 0.0019933954646261824,
                    "syst": 0.004241768739761532,
                    "value": 0.981084239271392
                },
                "pt:[5,6]": {
                    "AltSig": 1.1293376408483269e-06,
                    "massBin": 0.003629483801441402,
                    "massRange": 4.4940459616560346e-05,
                    "stat": 0.0016409109617970341,
                    "syst": 0.0036297621940341476,
                    "value": 0.9625215035664204
                },
                "pt:[6,7]": {
                    "AltSig": 4.8829435495001405e-06,
                    "massBin": 0.00016820973469272582,
                    "massRange": 7.117431350733838e-06,
                    "stat": 0.0017202544246196062,
                    "syst": 0.00016843104171184486,
                    "value": 0.9533077967677269
                },
                "pt:[7,8]": {
                    "AltSig": 9.694018304862162e-06,
                    "massBin": 0.0001023367774348749,
                    "massRange": 4.6606976721763616e-05,
                    "stat": 0.001921014459776165,
                    "syst": 0.00011286717984335898,
                    "value": 0.95026067181476
                },
                "pt:[8,9]": {
                    "AltSig": 2.590283364467538e-07,
                    "massBin": 0.0004742548829326787,
                    "massRange": 1.2118882466827241e-05,
                    "stat": 0.002197710322900708,
                    "syst": 0.00047440976844223244,
                    "value": 0.9468809416686658
                },
                "pt:[9,10]": {
                    "AltSig": 3.21928561908269e-06,
                    "massBin": 0.0038377994741679577,
                    "massRange": 2.9747866969853654e-05,
                    "stat": 0.0024529494580485347,
                    "syst": 0.0038379161146790334,
                    "value": 0.9464484424586485
                }
            },
            "abseta:[0.9,1.2]": {
                "pt:[10,30]": {
                    "AltSig": 0.0002511422407146524,
                    "massBin": 0.0003692315983341299,
                    "massRange": 5.490884854386646e-05,
                    "stat": 0.0022243440399977027,
                    "syst": 0.00044991041322463954,
                    "value": 0.9553386444614391
                },
                "pt:[3,4]": {
                    "AltSig": 5.816153540116886e-06,
                    "massBin": 0.0016057816715113749,
                    "massRange": 0.00034983772906249655,
                    "stat": 0.007608339583050779,
                    "syst": 0.0016434582565065265,
                    "value": 1.049578832450936
                },
                "pt:[4,5]": {
                    "AltSig": 1.361983360981256e-06,
                    "massBin": 0.001244249765970984,
                    "massRange": 0.0001614421525475973,
                    "stat": 0.0022502549349592517,
                    "syst": 0.0012546803990406185,
                    "value": 0.982805683091064
                },
                "pt:[5,6]": {
                    "AltSig": 0.0012647965542216255,
                    "massBin": 0.0008158504634838137,
                    "massRange": 6.986472967307478e-05,
                    "stat": 0.0026187370496598594,
                    "syst": 0.0015067194107696174,
                    "value": 0.9758432449314537
                },
                "pt:[6,7]": {
                    "AltSig": 0.0013861991374903848,
                    "massBin": 0.00033939185478865097,
                    "massRange": 8.769422681459416e-05,
                    "stat": 0.002751316816598791,
                    "syst": 0.0014298339614418792,
                    "value": 0.9691180037654292
                },
                "pt:[7,8]": {
                    "AltSig": 9.550100599220457e-08,
                    "massBin": 0.0015258475788924586,
                    "massRange": 0.0001694110709652974,
                    "stat": 0.0032413237700921922,
                    "syst": 0.0015352234215572757,
                    "value": 0.9625936799570924
                },
                "pt:[8,9]": {
                    "AltSig": 2.5429089473005817e-06,
                    "massBin": 9.506778633161517e-05,
                    "massRange": 8.103978538420709e-05,
                    "stat": 0.0036138917467800694,
                    "syst": 0.00012494717763529613,
                    "value": 0.957663402441911
                },
                "pt:[9,10]": {
                    "AltSig": 9.448061435546329e-06,
                    "massBin": 0.0017474781152176933,
                    "massRange": 0.00021569503312596217,
                    "stat": 0.004201693245366798,
                    "syst": 0.0017607649974783351,
                    "value": 0.9609894808378525
                }
            },
            "abseta:[1.2,2.1]": {
                "pt:[10,30]": {
                    "AltSig": 6.017646270428667e-05,
                    "massBin": 0.00028131325606323143,
                    "massRange": 5.6357834381015603e-05,
                    "stat": 0.0010782085150454347,
                    "syst": 0.0002931459708005819,
                    "value": 0.9732122661079643
                },
                "pt:[3,4]": {
                    "AltSig": 0.0024667061180010386,
                    "massBin": 0.0021550083770771056,
                    "massRange": 3.8357732358551555e-05,
                    "stat": 0.001045640146528818,
                    "syst": 0.0032756940476008963,
                    "value": 0.9781605375670122
                },
                "pt:[4,5]": {
                    "AltSig": 0.00036022628570009374,
                    "massBin": 0.00019117567494397747,
                    "massRange": 4.743397951589845e-06,
                    "stat": 0.0011072363121982806,
                    "syst": 0.00040784018367946294,
                    "value": 0.9799347635679297
                },
                "pt:[5,6]": {
                    "AltSig": 0.00012509822721940012,
                    "massBin": 0.001433815331118582,
                    "massRange": 2.8686618529227825e-05,
                    "stat": 0.0012235398900388317,
                    "syst": 0.001439548155598404,
                    "value": 0.976950001262991
                },
                "pt:[6,7]": {
                    "AltSig": 2.8148352826384837e-07,
                    "massBin": 0.0004753495819539988,
                    "massRange": 6.044986660330709e-05,
                    "stat": 0.0013818426349968538,
                    "syst": 0.000479177932160044,
                    "value": 0.9748308520783392
                },
                "pt:[7,8]": {
                    "AltSig": 0.0017151994786829272,
                    "massBin": 0.0020671304614647834,