{
    "NUM_DisplacedID_DEN_dSAMuons": {
        "abseta_pt": {
            "abseta:[0.0,0.9]": {
                "pt:[10,30]": {
                    "AltSig": 2.6949716144253344e-06,
                    "massBin": 0.0043022962663882836,
                    "massRange": 4.047524356087795e-05,
                    "stat": 0.0013312611283302109,
                    "syst": 0.0043024874981796146,
                    "value": 0.9415310490943768
                },
                "pt:[3,4]": {
                    "AltSig": 4.625301711125296e-05,
                    "massBin": 0.00021201145587207426,
                    "massRange": 0.0006368968379941164,
                    "stat": 0.011217839870622534,
                    "syst": 0.0006728490033133691,
                    "value": 0.9591245796876735
                },
                "pt:[4,5]": {
                    "AltSig": 0.0007663309752333758,
                    "massBin": 0.00035351278581152723,
                    "massRange": 0.00013644302445736667,
                    "stat": 0.0025422983418687674,
                    "syst": 0.0008548983286084008,
                    "value": 0.9681678328285468
                },
                "pt:[5,6]": {
                    "AltSig": 1.5690433822213024e-06,
                    "massBin": 0.002273225492144426,
                    "massRange": 5.9414806277191534e-05,
                    "stat": 0.001632778005484455,
                    "syst": 0.0022740023569111267,
                    "value": 0.9589224190277202
                },
                "pt:[6,7]": {
                    "AltSig": 1.7913470798935904e-06,
                    "massBin": 0.0003171759592310308,
                    "massRange": 4.550354453891625e-05,
                    "stat": 0.0017484963847395499,
                    "syst": 0.00032042841728549965,
                    "value": 0.9526027609187215
                },
                "pt:[7,8]": {
                    "AltSig": 1.1567572850701424e-06,
                    "massBin": 0.0004598822219108456,
                    "massRange": 0.00011366931758027832,
                    "stat": 0.001961587326599747,
                    "syst": 0.00047372324185777394,
                    "value": 0.943954413787866
                },
                "pt:[8,9]": {
                    "AltSig": 2.603790497435199e-06,
                    "massBin": 0.0005574547805539676,
                    "massRange": 2.476127770550951e-05,
                    "stat": 0.002224534416445402,
                    "syst": 0.0005580105133069054,
                    "value": 0.9456361776329889
                },
                "pt:[9,10]": {
                    "AltSig": 0.0009300203267578189,
                    "massBin": 0.00031502574960667884,
                    "massRange": 8.95882871296827e-05,
                    "stat": 0.0026020716350024873,
                    "syst": 0.0009860046106833378,
                    "value": 0.9459648225533238
                }
            },
            "abseta:[0.9,1.2]": {
                "pt:[10,30]": {
                    "AltSig": 1.4815035427329093e-06,
                    "massBin": 0.0006999907599010147,
                    "massRange": 3.301768708408037e-05,
                    "stat": 0.002378214655431395,
                    "syst": 0.0007007705947454768,
                    "value": 0.9605822119097526
                },
                "pt:[3,4]": {
                    "AltSig": 0.0003484533136506318,
                    "massBin": 0.0016594303210657468,
                    "massRange": 6.72656152199691e-05,
                    "stat": 0.009049479034804868,
                    "syst": 0.0016969541435340539,
                    "value": 1.024364101255325
                },
                "pt:[4,5]": {
                    "AltSig": 0.0034919558501007586,
                    "massBin": 0.0007347890652465439,
                    "massRange": 0.00010089791203671261,
                    "stat": 0.00246858295122883,
                    "syst": 0.003569853080746065,
                    "value": 0.9870792845421711
                },
                "pt:[5,6]": {
                    "AltSig": 3.559307386380439e-06,
                    "massBin": 0.0007505813205439527,
                    "massRange": 0.00014358012400872422,
                    "stat": 0.0026072119239275316,
                    "syst": 0.0007641990836352365,
                    "value": 0.9762979300875118
                },
                "pt:[6,7]": {
                    "AltSig": 7.784707535785085e-05,
                    "massBin": 0.0006082066649712448,
                    "massRange": 8.085235548271896e-05,
                    "stat": 0.002998545128830878,
                    "syst": 0.0006184760446810522,
                    "value": 0.9648274527805697
                },
                "pt:[7,8]": {
                    "AltSig": 0.0029275258457048814,
                    "massBin": 0.0006215567960334845,
                    "massRange": 0.00022600125235144874,
                    "stat": 0.003413871441640431,
                    "syst": 0.0030013025495657574,
                    "value": 0.9669926976256249
                },
                "pt:[8,9]": {
                    "AltSig": 0.0030485073841888255,
                    "massBin": 0.0018365182405843394,
                    "massRange": 0.000183964742271725,
                    "stat": 0.003874759471990125,
                    "syst": 0.00356371148465359,
                    "value": 0.9699762789209607
                },
                "pt:[9,10]": {
                    "AltSig": 0.0022853725673045444,
                    "massBin": 0.0004906612014344836,
                    "massRange": 0.00021539155721750358,
                    "stat": 0.004510124295618158,
                    "syst": 0.002347353767309452,
                    "value": 0.9582443348734004
                }
            },
            "abseta:[1.2,2.1]": {
                "pt:[10,30]": {
                    "AltSig": 0.000440525479200371,
                    "massBin": 1.4153719423037892e-05,
                    "massRange": 1.55281011625652e-05,
                    "stat": 0.0012402018126180998,
                    "syst": 0.000441026243577338,
                    "value": 0.9803185965730853
                },
                "pt:[3,4]": {
                    "AltSig": 0.00011665968142993144,
                    "massBin": 0.0008943241097710275,
                    "massRange": 4.669245766764085e-05,
                    "stat": 0.0010804740455528249,
                    "syst": 0.0009031086757373768,
                    "value": 0.9837684765131602
                },
                "pt:[4,5]": {
                    "AltSig": 0.002148671136146918,
                    "massBin": 0.0007279138070085955,
                    "massRange": 6.17016157603012e-05,
                    "stat": 0.001156660260102605,
                    "syst": 0.0022694610045409605,
                    "value": 0.9830422518486485
                },
                "pt:[5,6]": {
                    "AltSig": 1.8487282237300562e-06,
                    "massBin": 0.0007840510003497836,
                    "massRange": 1.9250603020104506e-05,
                    "stat": 0.0013000831237473625,
                    "syst": 0.0007842894712172153,
                    "value": 0.9827087732280654
                },
                "pt:[6,7]": {
                    "AltSig": 0.0019905164968722078,
                    "massBin": 0.000857726883611909,
                    "massRange": 0.00011533542211572545,
                    "stat": 0.001489272339533582,
                    "syst": 0.002170519198437465,
                    "value": 0.9793757972306635
                },
                "pt:[7,8]": {
                    "AltSig": 0.001748645132671256,
                    "massBin": 0.0011101810847716775,
                    "massRange": 0.00011019829903652356,