{
    "NUM_dSAMuons_DEN_genTracks": {
        "abseta_pt": {
            "abseta:[0.0,0.9]": {
                "pt:[10,30]": {
                    "AltSig": 4.53942085032466e-08,
                    "massBin": 8.370544971803007e-05,
                    "massRange": 1.638543225906952e-05,
                    "stat": 0.0002691055247329468,
                    "syst": 8.529411916098543e-05,
                    "value": 0.9994998045380977
                },
                "pt:[3,4]": {
                    "AltSig": 2.0830848650454925e-06,
                    "massBin": 0.0008190437822397367,
                    "massRange": 1.701821900162992e-05,
                    "stat": 0.002199346234764539,
                    "syst": 0.0008192232151533034,
                    "value": 0.9824723621252065
                },
                "pt:[4,5]": {
                    "AltSig": 4.2960222557120176e-07,
                    "massBin": 0.0002609322639735012,
                    "massRange": 3.644051386569869e-05,
                    "stat": 0.0010554455940519185,
                    "syst": 0.00026346487809802147,
                    "value": 0.9874474619943149
                },
                "pt:[5,6]": {
                    "AltSig": 2.280711142166325e-07,
                    "massBin": 0.00014281770305030195,
                    "massRange": 4.689024824577892e-05,
                    "stat": 0.0007683449955114558,
                    "syst": 0.00015031847425232915,
                    "value": 0.993346311551819
                },
                "pt:[6,7]": {
                    "AltSig": 1.440425754228869e-07,
                    "massBin": 5.9825993170559144e-05,
                    "massRange": 1.638139945447925e-05,
                    "stat": 0.0006430930392755305,
                    "syst": 6.202838427038493e-05,
                    "value": 0.9960987709762484
                },
                "pt:[7,8]": {
                    "AltSig": 3.812053279705907e-07,
                    "massBin": 0.000135092499314593,
                    "massRange": 4.510666433482635e-05,
                    "stat": 0.0006207735773282239,
                    "syst": 0.00014242450581265878,
                    "value": 0.9988919879980405
                },
                "pt:[8,9]": {
                    "AltSig": 1.180125533961629e-07,
                    "massBin": 1.823955154611756e-05,
                    "massRange": 2.0794918665523188e-05,
                    "stat": 0.0005898639285071315,
                    "syst": 2.766087145901161e-05,
                    "value": 0.997285263774583
                },
                "pt:[9,10]": {
                    "AltSig": 6.443501487929382e-08,
                    "massBin": 6.144359253784648e-05,
                    "massRange": 1.9007901465140087e-05,
                    "stat": 0.0006120936068101955,
                    "syst": 6.431655723012948e-05,
                    "value": 0.9989259919126057
                }
            },
            "abseta:[0.9,1.2]": {
                "pt:[10,30]": {
                    "AltSig": 0.0003764190308275239,
                    "massBin": 0.00014144545085337246,
                    "massRange": 4.850565123670769e-05,
                    "stat": 0.0008946912797858798,
                    "syst": 0.0004050319747108163,
                    "value": 0.9999268521544042
                },
                "pt:[3,4]": {
                    "AltSig": 8.188901956529548e-08,
                    "massBin": 0.000555920946144095,
                    "massRange": 0.0003202643620594525,
                    "stat": 0.003675909685418243,
                    "syst": 0.0006415741318607737,
                    "value": 1.0021118950480017
                },
                "pt:[4,5]": {
                    "AltSig": 0.0011928281384959716,
                    "massBin": 0.000906439159343464,
                    "massRange": 6.208595993345556e-05,
                    "stat": 0.0014871899905296573,
                    "syst": 0.0014994417574550568,
                    "value": 0.995783110073808
                },
                "pt:[5,6]": {
                    "AltSig": 4.073559437545171e-07,
                    "massBin": 0.0004639001619288208,
                    "massRange": 6.54444667375631e-05,
                    "stat": 0.0012750682047375748,
                    "syst": 0.0004684938680527367,
                    "value": 0.9989900122017786
                },
                "pt:[6,7]": {
                    "AltSig": 0.0004697013417852558,
                    "massBin": 0.00058660618287798,
                    "massRange": 4.8391902943478726e-05,
                    "stat": 0.0012763732722234533,
                    "syst": 0.0007530391361250988,
                    "value": 0.9993839368570505
                },
                "pt:[7,8]": {
                    "AltSig": 3.789928706421364e-06,
                    "massBin": 0.0005587991775271028,
                    "massRange": 2.6089876495050124e-05,
                    "stat": 0.0013794712554165366,
                    "syst": 0.0005594207414997171,
                    "value": 0.9992483069798046
                },
                "pt:[8,9]": {
                    "AltSig": 3.597778119868167e-07,
                    "massBin": 0.0001752543999603562,
                    "massRange": 3.732064304307059e-05,
                    "stat": 0.0013572669170286767,
                    "syst": 0.00017918444280318196,
                    "value": 0.9981010979440943
                },
                "pt:[9,10]": {
                    "AltSig": 9.559470651621105e-06,
                    "massBin": 0.0007002906949969967,
                    "massRange": 3.4140770135138165e-05,
                    "stat": 0.0014476075366278687,
                    "syst": 0.0007011875877138273,
                    "value": 0.9990764482086097
                }
            },
            "abseta:[1.2,2.1]": {
                "pt:[10,30]": {
                    "AltSig": 0.0005125868933820721,
                    "massBin": 0.0009358999183705641,
                    "massRange": 2.1214004425895716e-05,
                    "stat": 0.000882865980158424,
                    "syst": 0.0010672881590540082,
                    "value": 0.9981842561874853
                },
                "pt:[3,4]": {
                    "AltSig": 1.5849973901471692e-05,
                    "massBin": 0.0005657939850852167,
                    "massRange": 0.00010614439100647965,
                    "stat": 0.0013621131589068574,
                    "syst": 0.0005758825287968235,
                    "value": 0.9944184784850408
                },
                "pt:[4,5]": {
                    "AltSig": 0.001221372955961364,
                    "massBin": 0.00020876761731120075,
                    "massRange": 3.6372196591638595e-05,
                    "stat": 0.0009625134918888487,
                    "syst": 0.001239620406526327,
                    "value": 0.995776646234936
                },
                "pt:[5,6]": {
                    "AltSig": 1.0591521191205544e-06,
                    "massBin": 0.0004534519164790529,
                    "massRange": 3.708424999521176e-05,
                    "stat": 0.001059602272413325,
                    "syst": 0.0004549670361239865,
                    "value": 0.9934006045762841
                },
                "pt:[6,7]": {
                    "AltSig": 0.001084032197592344,
                    "massBin": 0.0001700343070677457,
                    "massRange": 6.539877238159741e-05,
                    "stat": 0.001167342956584801,
                    "syst": 0.001099233583195999,
                    "value": 0.9968965099774036
                },
                "pt:[7,8]": {
                    "AltSig": 7.346215310510829e-07,
                    "massBin": 0.0004239366512614473,
                    "massRange": 0.00010569431836415788,